datetime;open;high;low;close;volume
2023-01-02 23:00:00+00:00;3869.0;3869.0;3862.75;3864.75;165
2023-01-02 23:01:00+00:00;3864.88;3866.13;3864.13;3864.75;114
2023-01-02 23:02:00+00:00;3864.75;3865.63;3864.13;3864.63;82
2023-01-02 23:03:00+00:00;3864.63;3864.63;3861.5;3862.38;48
2023-01-02 23:04:00+00:00;3862.13;3862.13;3859.5;3859.63;60
2023-01-02 23:05:00+00:00;3859.88;3863.13;3859.63;3862.88;53
2023-01-02 23:06:00+00:00;3862.88;3865.88;3862.88;3864.75;74
2023-01-02 23:07:00+00:00;3864.88;3866.13;3864.88;3866.13;49
2023-01-02 23:08:00+00:00;3866.13;3866.13;3862.38;3864.0;58
2023-01-02 23:09:00+00:00;3864.13;3864.13;3859.88;3860.88;38
2023-01-02 23:10:00+00:00;3860.88;3861.5;3855.0;3855.0;84
2023-01-02 23:11:00+00:00;3855.0;3855.88;3853.13;3853.25;101
2023-01-02 23:12:00+00:00;3853.38;3853.63;3851.88;3853.0;60
2023-01-02 23:13:00+00:00;3853.13;3854.13;3852.63;3852.88;59
2023-01-02 23:14:00+00:00;3852.88;3853.88;3852.38;3852.5;48
2023-01-02 23:15:00+00:00;3852.38;3853.25;3849.88;3850.0;57
2023-01-02 23:16:00+00:00;3849.88;3851.25;3849.88;3850.13;66
2023-01-02 23:17:00+00:00;3850.13;3851.63;3848.88;3850.63;52
2023-01-02 23:18:00+00:00;3850.63;3851.38;3849.63;3850.88;61
2023-01-02 23:19:00+00:00;3850.63;3851.38;3850.13;3850.13;27
2023-01-02 23:20:00+00:00;3850.13;3851.63;3849.75;3849.88;44
2023-01-02 23:21:00+00:00;3849.88;3849.88;3848.5;3848.63;39
2023-01-02 23:22:00+00:00;3848.38;3848.88;3847.13;3847.88;41
2023-01-02 23:23:00+00:00;3847.88;3848.63;3847.38;3848.38;43
2023-01-02 23:24:00+00:00;3848.13;3849.13;3847.88;3848.88;25
2023-01-02 23:25:00+00:00;3848.88;3849.88;3848.88;3849.38;39
2023-01-02 23:26:00+00:00;3849.38;3849.88;3849.13;3849.88;39
2023-01-02 23:27:00+00:00;3849.88;3850.13;3849.13;3849.63;27
2023-01-02 23:28:00+00:00;3849.63;3849.88;3849.0;3849.38;29
2023-01-02 23:29:00+00:00;3849.38;3849.38;3847.13;3847.38;34
2023-01-02 23:30:00+00:00;3847.38;3848.13;3847.13;3847.38;34
2023-01-02 23:31:00+00:00;3847.38;3848.13;3847.13;3847.13;46
2023-01-02 23:32:00+00:00;3847.25;3847.5;3847.13;3847.13;26
2023-01-02 23:33:00+00:00;3847.13;3847.63;3845.88;3847.13;38
2023-01-02 23:34:00+00:00;3846.88;3847.25;3846.38;3846.88;39
2023-01-02 23:35:00+00:00;3846.88;3846.88;3845.63;3845.63;30
2023-01-02 23:36:00+00:00;3845.63;3846.88;3845.63;3845.88;27
2023-01-02 23:37:00+00:00;3845.88;3846.13;3845.63;3846.13;30
2023-01-02 23:38:00+00:00;3845.88;3846.88;3845.88;3846.38;24
2023-01-02 23:39:00+00:00;3846.38;3847.38;3846.38;3847.13;28
2023-01-02 23:40:00+00:00;3847.13;3847.63;3846.63;3847.38;26
2023-01-02 23:41:00+00:00;3847.63;3847.88;3847.0;3847.38;21
2023-01-02 23:42:00+00:00;3847.38;3847.88;3847.38;3847.88;28
2023-01-02 23:43:00+00:00;3847.88;3848.13;3847.38;3847.63;17
2023-01-02 23:44:00+00:00;3847.63;3847.63;3847.13;3847.13;20
2023-01-02 23:45:00+00:00;3847.13;3847.63;3846.88;3847.13;25
2023-01-02 23:46:00+00:00;3846.88;3847.38;3846.38;3846.38;43
2023-01-02 23:47:00+00:00;3846.38;3846.75;3846.13;3846.13;26
2023-01-02 23:48:00+00:00;3846.13;3846.13;3845.13;3845.38;15
2023-01-02 23:49:00+00:00;3845.38;3845.88;3844.88;3845.75;26
2023-01-02 23:50:00+00:00;3845.63;3845.63;3845.13;3845.63;15
2023-01-02 23:51:00+00:00;3845.63;3846.38;3845.38;3845.38;28
2023-01-02 23:52:00+00:00;3845.38;3845.88;3844.88;3845.63;17
2023-01-02 23:53:00+00:00;3845.63;3845.63;3844.88;3844.88;10
2023-01-02 23:54:00+00:00;3845.13;3845.63;3845.13;3845.38;17
2023-01-02 23:55:00+00:00;3845.38;3846.63;3845.38;3846.38;23
2023-01-02 23:56:00+00:00;3846.38;3846.88;3846.38;3846.88;18
2023-01-02 23:57:00+00:00;3846.88;3846.88;3846.63;3846.88;14
2023-01-02 23:58:00+00:00;3846.88;3847.13;3846.63;3846.88;14
2023-01-02 23:59:00+00:00;3846.88;3847.63;3846.88;3847.38;19
2023-01-03 00:00:00+00:00;3847.38;3847.63;3846.38;3846.88;31
2023-01-03 00:01:00+00:00;3846.88;3847.13;3846.25;3846.88;24
2023-01-03 00:02:00+00:00;3846.63;3846.88;3845.63;3846.13;19
2023-01-03 00:03:00+00:00;3846.13;3846.38;3845.63;3845.63;9
2023-01-03 00:04:00+00:00;3845.63;3845.88;3845.13;3845.38;12
2023-01-03 00:05:00+00:00;3845.63;3846.13;3845.13;3845.13;31
2023-01-03 00:06:00+00:00;3845.13;3845.63;3844.88;3845.38;20
2023-01-03 00:07:00+00:00;3845.38;3845.88;3845.38;3845.63;12
2023-01-03 00:08:00+00:00;3845.63;3845.88;3845.38;3845.63;16
2023-01-03 00:09:00+00:00;3845.63;3845.88;3845.38;3845.63;15
2023-01-03 00:10:00+00:00;3845.63;3845.63;3843.63;3843.88;53
2023-01-03 00:11:00+00:00;3843.88;3844.38;3843.13;3843.13;45
2023-01-03 00:12:00+00:00;3843.13;3843.63;3840.63;3840.63;43
2023-01-03 00:13:00+00:00;3840.88;3841.63;3839.13;3839.13;89
2023-01-03 00:14:00+00:00;3839.13;3841.13;3839.13;3840.63;38
2023-01-03 00:15:00+00:00;3840.63;3840.88;3839.13;3840.13;59
2023-01-03 00:16:00+00:00;3840.38;3840.63;3839.75;3840.38;33
2023-01-03 00:17:00+00:00;3840.38;3841.88;3840.13;3841.63;24
2023-01-03 00:18:00+00:00;3841.63;3841.88;3840.88;3841.13;27
2023-01-03 00:19:00+00:00;3841.13;3841.88;3840.13;3841.63;29
2023-01-03 00:20:00+00:00;3841.63;3842.13;3840.88;3841.88;32
2023-01-03 00:21:00+00:00;3841.88;3842.38;3841.88;3842.13;16
2023-01-03 00:22:00+00:00;3842.25;3842.63;3841.63;3841.63;29
2023-01-03 00:23:00+00:00;3841.63;3842.38;3841.13;3841.88;42
2023-01-03 00:24:00+00:00;3841.88;3842.63;3841.38;3841.88;23
2023-01-03 00:25:00+00:00;3841.88;3841.88;3841.13;3841.13;22
2023-01-03 00:26:00+00:00;3841.13;3841.63;3841.13;3841.38;22
2023-01-03 00:27:00+00:00;3841.13;3841.38;3839.75;3840.13;18
2023-01-03 00:28:00+00:00;3840.13;3840.13;3839.13;3839.88;32
2023-01-03 00:29:00+00:00;3839.88;3840.13;3839.63;3839.63;18
2023-01-03 00:30:00+00:00;3839.63;3840.88;3839.63;3840.63;21
2023-01-03 00:31:00+00:00;3840.63;3840.88;3840.13;3840.38;21
2023-01-03 00:32:00+00:00;3840.38;3841.63;3840.38;3841.38;11
2023-01-03 00:33:00+00:00;3841.38;3842.13;3841.0;3842.13;30
2023-01-03 00:34:00+00:00;3842.0;3842.13;3841.5;3841.88;13
2023-01-03 00:35:00+00:00;3841.88;3842.38;3841.63;3842.13;19
2023-01-03 00:36:00+00:00;3842.13;3842.13;3841.38;3841.63;19
2023-01-03 00:37:00+00:00;3841.63;3842.63;3841.13;3842.25;27
2023-01-03 00:38:00+00:00;3842.25;3842.63;3841.63;3841.63;22
2023-01-03 00:39:00+00:00;3841.63;3842.13;3841.13;3841.38;16
2023-01-03 00:40:00+00:00;3841.38;3841.88;3841.25;3841.5;15
2023-01-03 00:41:00+00:00;3841.38;3841.88;3840.13;3840.88;22
2023-01-03 00:42:00+00:00;3841.13;3841.63;3840.63;3840.88;8
2023-01-03 00:43:00+00:00;3840.63;3841.13;3840.13;3840.63;31
2023-01-03 00:44:00+00:00;3840.63;3840.63;3839.38;3839.88;17
2023-01-03 00:45:00+00:00;3839.63;3839.88;3838.88;3838.88;20
2023-01-03 00:46:00+00:00;3838.88;3840.38;3838.63;3839.88;27
2023-01-03 00:47:00+00:00;3840.0;3840.88;3840.0;3840.88;16
2023-01-03 00:48:00+00:00;3840.88;3840.88;3840.38;3840.38;13
2023-01-03 00:49:00+00:00;3840.38;3840.38;3839.38;3839.38;17
2023-01-03 00:50:00+00:00;3839.38;3839.5;3838.88;3839.13;14
2023-01-03 00:51:00+00:00;3839.13;3839.63;3838.88;3839.63;11
2023-01-03 00:52:00+00:00;3839.88;3839.88;3838.63;3838.63;19
2023-01-03 00:53:00+00:00;3838.88;3839.13;3835.38;3835.38;41
2023-01-03 00:54:00+00:00;3835.38;3836.0;3834.13;3835.88;44
2023-01-03 00:55:00+00:00;3836.13;3836.13;3834.13;3834.63;46
2023-01-03 00:56:00+00:00;3834.63;3834.88;3834.38;3834.38;33
2023-01-03 00:57:00+00:00;3834.5;3834.63;3834.13;3834.38;22
2023-01-03 00:58:00+00:00;3834.38;3835.13;3834.38;3835.13;14
2023-01-03 00:59:00+00:00;3835.38;3835.63;3832.13;3832.63;45
2023-01-03 01:00:00+00:00;3832.63;3832.88;3828.38;3830.88;80
2023-01-03 01:01:00+00:00;3831.13;3831.63;3830.38;3830.63;34
2023-01-03 01:02:00+00:00;3830.38;3830.38;3827.63;3828.13;58
2023-01-03 01:03:00+00:00;3828.13;3829.0;3827.63;3827.88;46
2023-01-03 01:04:00+00:00;3827.88;3829.63;3827.13;3828.63;56
2023-01-03 01:05:00+00:00;3828.63;3828.63;3825.63;3825.63;55
2023-01-03 01:06:00+00:00;3825.38;3825.63;3822.63;3823.88;88
2023-01-03 01:07:00+00:00;3823.88;3824.88;3823.38;3824.38;90
2023-01-03 01:08:00+00:00;3824.63;3825.13;3823.63;3824.63;51
2023-01-03 01:09:00+00:00;3824.63;3825.88;3823.88;3825.38;38
2023-01-03 01:10:00+00:00;3825.38;3825.63;3823.88;3824.63;49
2023-01-03 01:11:00+00:00;3824.88;3826.13;3824.88;3825.38;53
2023-01-03 01:12:00+00:00;3825.5;3826.13;3825.13;3825.63;38
2023-01-03 01:13:00+00:00;3825.63;3827.13;3825.63;3825.88;37
2023-01-03 01:14:00+00:00;3825.88;3826.13;3825.63;3825.63;25
2023-01-03 01:15:00+00:00;3825.63;3827.38;3824.63;3826.88;63
2023-01-03 01:16:00+00:00;3826.88;3827.38;3826.38;3826.88;55
2023-01-03 01:17:00+00:00;3826.88;3827.88;3826.38;3827.25;64
2023-01-03 01:18:00+00:00;3827.13;3827.5;3826.75;3826.88;34
2023-01-03 01:19:00+00:00;3826.88;3827.0;3825.13;3825.63;39
2023-01-03 01:20:00+00:00;3825.63;3825.63;3824.63;3824.63;59
2023-01-03 01:21:00+00:00;3824.63;3824.88;3822.63;3823.13;61
2023-01-03 01:22:00+00:00;3823.13;3823.88;3823.13;3823.63;40
2023-01-03 01:23:00+00:00;3823.63;3824.88;3820.63;3820.88;81
2023-01-03 01:24:00+00:00;3820.88;3821.13;3819.13;3820.63;70
2023-01-03 01:25:00+00:00;3820.38;3820.88;3819.63;3820.88;67
2023-01-03 01:26:00+00:00;3820.88;3820.88;3819.63;3820.63;43
2023-01-03 01:27:00+00:00;3820.75;3820.75;3819.38;3819.38;27
2023-01-03 01:28:00+00:00;3819.38;3820.13;3819.13;3819.5;35
2023-01-03 01:29:00+00:00;3819.63;3820.13;3818.88;3819.88;54
2023-01-03 01:30:00+00:00;3819.75;3821.88;3818.88;3821.13;84
2023-01-03 01:31:00+00:00;3821.13;3821.88;3819.88;3820.63;80
2023-01-03 01:32:00+00:00;3820.63;3822.13;3820.38;3821.75;52
2023-01-03 01:33:00+00:00;3821.63;3822.63;3821.13;3822.13;41
2023-01-03 01:34:00+00:00;3822.13;3823.13;3821.38;3822.13;52
2023-01-03 01:35:00+00:00;3822.13;3822.38;3820.88;3822.13;50
2023-01-03 01:36:00+00:00;3822.13;3822.13;3820.88;3821.63;54
2023-01-03 01:37:00+00:00;3821.63;3822.88;3821.38;3822.88;24
2023-01-03 01:38:00+00:00;3822.88;3823.13;3822.13;3822.63;45
2023-01-03 01:39:00+00:00;3822.75;3822.88;3822.13;3822.13;26
2023-01-03 01:40:00+00:00;3822.13;3822.38;3821.63;3822.38;46
2023-01-03 01:41:00+00:00;3822.25;3823.13;3821.88;3822.88;26
2023-01-03 01:42:00+00:00;3822.88;3824.63;3822.63;3823.88;68
2023-01-03 01:43:00+00:00;3823.88;3825.38;3823.88;3825.13;47
2023-01-03 01:44:00+00:00;3825.13;3825.38;3824.63;3825.13;39
2023-01-03 01:45:00+00:00;3825.13;3826.38;3825.13;3825.13;30
2023-01-03 01:46:00+00:00;3825.13;3825.13;3823.75;3824.38;39
2023-01-03 01:47:00+00:00;3824.38;3824.63;3823.88;3824.38;36
2023-01-03 01:48:00+00:00;3824.38;3825.38;3824.13;3825.13;26
2023-01-03 01:49:00+00:00;3825.25;3826.38;3825.13;3825.63;24
2023-01-03 01:50:00+00:00;3825.63;3825.88;3823.13;3823.63;43
2023-01-03 01:51:00+00:00;3823.63;3825.13;3822.88;3824.13;39
2023-01-03 01:52:00+00:00;3824.13;3824.63;3823.75;3823.88;40
2023-01-03 01:53:00+00:00;3824.38;3824.88;3824.13;3824.88;25
2023-01-03 01:54:00+00:00;3824.88;3825.88;3824.63;3825.63;31
2023-01-03 01:55:00+00:00;3825.63;3825.88;3824.63;3825.38;33
2023-01-03 01:56:00+00:00;3825.38;3826.38;3825.13;3826.38;38
2023-01-03 01:57:00+00:00;3826.38;3828.63;3826.38;3828.38;42
2023-01-03 01:58:00+00:00;3828.5;3829.88;3828.25;3829.63;60
2023-01-03 01:59:00+00:00;3829.63;3830.13;3828.88;3829.38;29
2023-01-03 02:00:00+00:00;3829.38;3829.38;3827.88;3828.63;45
2023-01-03 02:01:00+00:00;3828.38;3828.38;3827.38;3827.63;35
2023-01-03 02:02:00+00:00;3827.63;3827.63;3826.88;3827.13;31
2023-01-03 02:03:00+00:00;3827.13;3828.88;3827.13;3828.63;21
2023-01-03 02:04:00+00:00;3828.63;3830.38;3828.38;3830.13;20
2023-01-03 02:05:00+00:00;3830.13;3830.38;3829.38;3829.75;41
2023-01-03 02:06:00+00:00;3829.88;3829.88;3828.63;3829.0;25
2023-01-03 02:07:00+00:00;3828.88;3829.88;3828.88;3829.38;11
2023-01-03 02:08:00+00:00;3829.38;3829.38;3828.13;3828.38;17
2023-01-03 02:09:00+00:00;3828.38;3829.38;3828.38;3829.13;8
2023-01-03 02:10:00+00:00;3829.13;3829.63;3828.63;3829.63;13
2023-01-03 02:11:00+00:00;3829.88;3830.63;3829.88;3830.38;34
2023-01-03 02:12:00+00:00;3830.38;3831.88;3829.13;3829.13;41
2023-01-03 02:13:00+00:00;3829.38;3830.63;3829.0;3829.13;37
2023-01-03 02:14:00+00:00;3829.13;3829.13;3828.63;3828.88;26
2023-01-03 02:15:00+00:00;3828.88;3829.13;3827.13;3827.88;44
2023-01-03 02:16:00+00:00;3827.88;3828.13;3826.88;3828.13;35
2023-01-03 02:17:00+00:00;3827.88;3828.88;3827.38;3828.38;35
2023-01-03 02:18:00+00:00;3828.38;3830.38;3828.38;3829.75;28
2023-01-03 02:19:00+00:00;3829.88;3830.38;3829.38;3830.13;36
2023-01-03 02:20:00+00:00;3830.13;3831.63;3829.88;3831.38;43
2023-01-03 02:21:00+00:00;3831.38;3832.38;3831.38;3831.88;37
2023-01-03 02:22:00+00:00;3831.88;3831.88;3830.38;3830.63;39
2023-01-03 02:23:00+00:00;3830.63;3831.88;3830.63;3831.63;32
2023-01-03 02:24:00+00:00;3831.63;3832.88;3831.63;3832.38;23
2023-01-03 02:25:00+00:00;3832.38;3832.88;3831.75;3832.88;40
2023-01-03 02:26:00+00:00;3832.88;3833.13;3831.88;3832.13;32
2023-01-03 02:27:00+00:00;3832.13;3832.63;3831.38;3831.63;31
2023-01-03 02:28:00+00:00;3831.63;3832.38;3831.38;3832.38;27
2023-01-03 02:29:00+00:00;3832.38;3832.63;3832.13;3832.13;35
2023-01-03 02:30:00+00:00;3832.38;3832.63;3831.63;3831.63;45
2023-01-03 02:31:00+00:00;3831.63;3831.88;3831.13;3831.63;45
2023-01-03 02:32:00+00:00;3831.63;3832.13;3831.5;3831.63;23
2023-01-03 02:33:00+00:00;3831.63;3833.13;3831.13;3833.13;16
2023-01-03 02:34:00+00:00;3833.13;3833.75;3833.13;3833.38;26
2023-01-03 02:35:00+00:00;3833.38;3834.38;3833.38;3834.13;32
2023-01-03 02:36:00+00:00;3833.88;3833.88;3833.13;3833.38;22
2023-01-03 02:37:00+00:00;3833.38;3835.63;3833.38;3835.38;23
2023-01-03 02:38:00+00:00;3835.38;3836.38;3834.88;3835.88;29
2023-01-03 02:39:00+00:00;3835.88;3836.88;3835.63;3836.63;35
2023-01-03 02:40:00+00:00;3836.75;3837.38;3836.13;3837.13;34
2023-01-03 02:41:00+00:00;3837.0;3837.13;3836.38;3836.38;28
2023-01-03 02:42:00+00:00;3836.38;3836.63;3835.88;3836.38;32
2023-01-03 02:43:00+00:00;3836.38;3837.63;3836.38;3837.63;12
2023-01-03 02:44:00+00:00;3837.63;3839.13;3837.63;3838.88;31
2023-01-03 02:45:00+00:00;3838.88;3839.38;3837.88;3838.13;37
2023-01-03 02:46:00+00:00;3837.88;3838.13;3836.63;3836.88;24
2023-01-03 02:47:00+00:00;3836.88;3837.38;3836.38;3836.63;24
2023-01-03 02:48:00+00:00;3836.63;3837.88;3836.38;3837.13;38
2023-01-03 02:49:00+00:00;3837.13;3837.63;3837.13;3837.38;25
2023-01-03 02:50:00+00:00;3837.25;3838.88;3837.25;3838.63;33
2023-01-03 02:51:00+00:00;3838.63;3839.38;3837.88;3837.88;15
2023-01-03 02:52:00+00:00;3837.88;3838.13;3837.63;3838.13;30
2023-01-03 02:53:00+00:00;3838.13;3838.5;3837.88;3838.25;32
2023-01-03 02:54:00+00:00;3838.13;3838.38;3837.63;3837.88;16
2023-01-03 02:55:00+00:00;3837.88;3838.0;3836.13;3836.38;23
2023-01-03 02:56:00+00:00;3836.38;3837.38;3836.38;3837.13;22
2023-01-03 02:57:00+00:00;3837.38;3837.88;3837.13;3837.38;28
2023-01-03 02:58:00+00:00;3837.38;3837.88;3837.25;3837.38;18
2023-01-03 02:59:00+00:00;3837.38;3837.63;3836.63;3837.38;32
2023-01-03 03:00:00+00:00;3837.38;3838.88;3837.38;3838.13;34
2023-01-03 03:01:00+00:00;3838.13;3838.13;3836.63;3836.63;13
2023-01-03 03:02:00+00:00;3836.63;3836.88;3835.88;3836.63;33
2023-01-03 03:03:00+00:00;3836.63;3836.88;3836.13;3836.63;24
2023-01-03 03:04:00+00:00;3836.63;3837.63;3836.63;3837.38;18
2023-01-03 03:05:00+00:00;3837.38;3837.75;3836.88;3837.38;32
2023-01-03 03:06:00+00:00;3837.38;3838.13;3837.38;3837.88;35
2023-01-03 03:07:00+00:00;3837.88;3838.88;3837.88;3838.63;46
2023-01-03 03:08:00+00:00;3838.63;3838.88;3837.38;3837.63;26
2023-01-03 03:09:00+00:00;3837.63;3837.88;3837.13;3837.13;9
2023-01-03 03:10:00+00:00;3837.13;3837.88;3837.0;3837.38;23
2023-01-03 03:11:00+00:00;3837.63;3838.38;3837.63;3837.75;34
2023-01-03 03:12:00+00:00;3837.88;3838.88;3837.88;3838.38;31
2023-01-03 03:13:00+00:00;3838.38;3838.75;3837.25;3837.38;26
2023-01-03 03:14:00+00:00;3837.38;3837.38;3836.63;3837.13;14
2023-01-03 03:15:00+00:00;3837.13;3837.38;3836.13;3836.25;35
2023-01-03 03:16:00+00:00;3836.38;3837.13;3836.13;3836.88;23
2023-01-03 03:17:00+00:00;3836.88;3837.63;3836.63;3837.0;26
2023-01-03 03:18:00+00:00;3837.13;3837.38;3836.63;3837.13;33
2023-01-03 03:19:00+00:00;3837.13;3837.25;3836.75;3836.88;10
2023-01-03 03:20:00+00:00;3836.88;3838.13;3836.88;3838.13;20
2023-01-03 03:21:00+00:00;3838.13;3838.38;3837.13;3837.38;25
2023-01-03 03:22:00+00:00;3837.63;3838.63;3837.63;3838.63;14
2023-01-03 03:23:00+00:00;3838.5;3838.63;3837.38;3837.38;30
2023-01-03 03:24:00+00:00;3837.38;3837.63;3836.88;3837.63;11
2023-01-03 03:25:00+00:00;3837.63;3838.38;3837.63;3837.88;15
2023-01-03 03:26:00+00:00;3837.88;3838.13;3837.63;3838.13;4
2023-01-03 03:27:00+00:00;3838.13;3838.13;3837.13;3837.38;20
2023-01-03 03:28:00+00:00;3837.38;3837.88;3837.25;3837.88;22
2023-01-03 03:29:00+00:00;3837.75;3838.63;3837.75;3838.13;22
2023-01-03 03:30:00+00:00;3838.13;3838.38;3837.13;3837.63;25
2023-01-03 03:31:00+00:00;3837.63;3838.88;3837.63;3838.13;32
2023-01-03 03:32:00+00:00;3838.13;3840.38;3838.13;3840.13;38
2023-01-03 03:33:00+00:00;3839.88;3840.13;3839.38;3840.0;22
2023-01-03 03:34:00+00:00;3839.88;3840.63;3839.88;3840.63;33
2023-01-03 03:35:00+00:00;3840.63;3840.63;3839.38;3839.38;26
2023-01-03 03:36:00+00:00;3839.38;3839.63;3839.13;3839.63;22
2023-01-03 03:37:00+00:00;3839.63;3840.13;3839.5;3839.63;14
2023-01-03 03:38:00+00:00;3839.63;3839.88;3839.13;3839.63;17
2023-01-03 03:39:00+00:00;3839.63;3839.63;3839.13;3839.13;21
2023-01-03 03:40:00+00:00;3839.13;3840.13;3839.13;3840.13;32
2023-01-03 03:41:00+00:00;3840.13;3840.38;3839.63;3839.63;20
2023-01-03 03:42:00+00:00;3839.63;3840.38;3839.63;3840.13;19
2023-01-03 03:43:00+00:00;3840.13;3841.88;3840.13;3841.88;26
2023-01-03 03:44:00+00:00;3841.75;3841.88;3840.63;3840.63;32
2023-01-03 03:45:00+00:00;3840.63;3842.13;3840.63;3841.88;25
2023-01-03 03:46:00+00:00;3841.88;3842.38;3841.5;3841.5;28
2023-01-03 03:47:00+00:00;3841.63;3842.38;3841.63;3842.38;12
2023-01-03 03:48:00+00:00;3842.25;3843.13;3842.25;3843.0;30
2023-01-03 03:49:00+00:00;3842.88;3843.63;3842.88;3843.25;24
2023-01-03 03:50:00+00:00;3843.13;3843.25;3842.63;3842.88;13
2023-01-03 03:51:00+00:00;3842.88;3842.88;3841.88;3841.88;21
2023-01-03 03:52:00+00:00;3842.13;3842.13;3841.88;3841.88;8
2023-01-03 03:53:00+00:00;3841.88;3841.88;3841.38;3841.38;12
2023-01-03 03:54:00+00:00;3841.38;3841.88;3841.38;3841.88;12
2023-01-03 03:55:00+00:00;3841.88;3842.38;3841.75;3842.38;10
2023-01-03 03:56:00+00:00;3842.38;3842.38;3841.88;3842.13;13
2023-01-03 03:57:00+00:00;3842.13;3842.13;3841.63;3841.63;10
2023-01-03 03:58:00+00:00;3841.63;3842.38;3841.63;3842.38;13
2023-01-03 03:59:00+00:00;3842.38;3842.63;3842.13;3842.63;5
2023-01-03 04:00:00+00:00;3842.63;3843.13;3842.63;3842.63;18
2023-01-03 04:01:00+00:00;3842.88;3843.38;3842.63;3843.25;16
2023-01-03 04:02:00+00:00;3843.13;3843.13;3842.13;3842.13;15
2023-01-03 04:03:00+00:00;3842.13;3842.88;3841.88;3842.13;15
2023-01-03 04:04:00+00:00;3842.0;3842.13;3841.38;3841.38;17
2023-01-03 04:05:00+00:00;3841.38;3842.38;3841.38;3842.13;24
2023-01-03 04:06:00+00:00;3842.13;3842.13;3841.63;3841.63;12
2023-01-03 04:07:00+00:00;3841.63;3841.63;3839.88;3839.88;28
2023-01-03 04:08:00+00:00;3839.88;3840.38;3839.63;3839.88;23
2023-01-03 04:09:00+00:00;3839.88;3839.88;3839.63;3839.88;13
2023-01-03 04:10:00+00:00;3839.88;3840.38;3839.88;3840.13;15
2023-01-03 04:11:00+00:00;3840.13;3840.88;3840.13;3840.38;29
2023-01-03 04:12:00+00:00;3840.38;3840.63;3839.88;3840.13;21
2023-01-03 04:13:00+00:00;3840.13;3840.63;3840.13;3840.63;9
2023-01-03 04:14:00+00:00;3840.63;3840.63;3840.5;3840.63;5
2023-01-03 04:15:00+00:00;3840.63;3841.38;3840.63;3840.88;29
2023-01-03 04:16:00+00:00;3840.88;3841.38;3840.88;3841.13;14
2023-01-03 04:17:00+00:00;3841.13;3841.13;3840.63;3840.63;6
2023-01-03 04:18:00+00:00;3840.63;3840.63;3840.13;3840.38;6
2023-01-03 04:19:00+00:00;3840.38;3841.38;3840.38;3841.38;19
2023-01-03 04:20:00+00:00;3841.25;3841.88;3841.25;3841.38;6
2023-01-03 04:21:00+00:00;3841.38;3841.38;3840.88;3841.38;5
2023-01-03 04:22:00+00:00;3841.38;3841.63;3841.13;3841.13;19
2023-01-03 04:23:00+00:00;3841.13;3841.13;3840.88;3841.13;12
2023-01-03 04:24:00+00:00;3841.13;3841.38;3841.13;3841.13;3
2023-01-03 04:25:00+00:00;3841.25;3841.63;3841.13;3841.38;13
2023-01-03 04:26:00+00:00;3841.38;3841.88;3841.38;3841.63;13
2023-01-03 04:27:00+00:00;3841.63;3841.63;3841.13;3841.13;9
2023-01-03 04:28:00+00:00;3841.13;3841.38;3840.88;3841.25;8
2023-01-03 04:29:00+00:00;3841.38;3841.88;3840.88;3841.88;10
2023-01-03 04:30:00+00:00;3841.88;3842.63;3841.88;3842.0;21
2023-01-03 04:31:00+00:00;3841.88;3842.38;3841.63;3841.88;10
2023-01-03 04:32:00+00:00;3841.88;3842.63;3841.88;3842.38;19
2023-01-03 04:33:00+00:00;3842.38;3842.38;3842.13;3842.38;8
2023-01-03 04:34:00+00:00;3842.38;3842.63;3842.38;3842.38;4
2023-01-03 04:35:00+00:00;3842.38;3842.38;3841.88;3841.88;3
2023-01-03 04:36:00+00:00;3841.88;3842.63;3841.88;3842.63;11
2023-01-03 04:37:00+00:00;3842.63;3842.88;3842.5;3842.88;10
2023-01-03 04:38:00+00:00;3842.88;3843.13;3842.88;3843.13;12
2023-01-03 04:39:00+00:00;3843.13;3843.5;3842.63;3842.63;7
2023-01-03 04:40:00+00:00;3842.63;3842.63;3841.63;3841.88;14
2023-01-03 04:41:00+00:00;3841.88;3842.25;3841.63;3841.63;18
2023-01-03 04:42:00+00:00;3841.63;3842.0;3841.63;3841.63;11
2023-01-03 04:43:00+00:00;3841.88;3842.25;3841.88;3842.13;7
2023-01-03 04:44:00+00:00;3842.0;3842.13;3841.63;3841.63;6
2023-01-03 04:45:00+00:00;3841.63;3842.13;3841.63;3841.88;9
2023-01-03 04:46:00+00:00;3841.88;3842.13;3841.63;3841.75;9
2023-01-03 04:47:00+00:00;3841.63;3841.88;3841.63;3841.63;10
2023-01-03 04:48:00+00:00;3841.63;3841.88;3841.63;3841.63;12
2023-01-03 04:49:00+00:00;3841.63;3841.63;3840.88;3841.38;29
2023-01-03 04:50:00+00:00;3841.38;3841.38;3840.88;3841.13;11
2023-01-03 04:51:00+00:00;3841.13;3841.5;3841.13;3841.5;6
2023-01-03 04:52:00+00:00;3841.63;3841.63;3841.38;3841.38;12
2023-01-03 04:53:00+00:00;3841.38;3841.63;3841.38;3841.38;10
2023-01-03 04:54:00+00:00;3841.38;3841.38;3840.88;3840.88;9
2023-01-03 04:55:00+00:00;3840.88;3840.88;3840.38;3840.38;18
2023-01-03 04:56:00+00:00;3840.38;3840.88;3840.38;3840.38;21
2023-01-03 04:57:00+00:00;3840.38;3840.63;3840.13;3840.63;20
2023-01-03 04:58:00+00:00;3840.63;3840.63;3840.13;3840.38;19
2023-01-03 04:59:00+00:00;3840.38;3840.63;3839.88;3840.13;25
2023-01-03 05:00:00+00:00;3840.13;3840.63;3839.88;3840.63;14
2023-01-03 05:01:00+00:00;3840.63;3840.88;3840.63;3840.63;18
2023-01-03 05:02:00+00:00;3840.63;3840.88;3840.38;3840.63;17
2023-01-03 05:03:00+00:00;3840.63;3841.63;3840.63;3841.38;17
2023-01-03 05:04:00+00:00;3841.38;3841.63;3841.13;3841.63;10
2023-01-03 05:05:00+00:00;3841.63;3841.88;3841.38;3841.88;19
2023-01-03 05:06:00+00:00;3841.88;3841.88;3841.38;3841.38;19
2023-01-03 05:07:00+00:00;3841.38;3841.38;3840.88;3841.38;15
2023-01-03 05:08:00+00:00;3841.38;3841.63;3841.13;3841.25;20
2023-01-03 05:09:00+00:00;3841.13;3841.38;3840.88;3841.13;23
2023-01-03 05:10:00+00:00;3841.13;3842.13;3841.13;3842.13;20
2023-01-03 05:11:00+00:00;3842.38;3842.38;3841.63;3841.88;14
2023-01-03 05:12:00+00:00;3842.13;3843.13;3842.13;3842.88;21
2023-01-03 05:13:00+00:00;3842.88;3843.88;3842.88;3843.63;22
2023-01-03 05:14:00+00:00;3843.63;3844.13;3843.13;3843.38;25
2023-01-03 05:15:00+00:00;3843.25;3843.88;3843.13;3843.88;16
2023-01-03 05:16:00+00:00;3843.88;3844.63;3842.88;3843.38;38
2023-01-03 05:17:00+00:00;3843.38;3843.38;3842.38;3842.63;6
2023-01-03 05:18:00+00:00;3842.63;3842.63;3842.13;3842.13;5
2023-01-03 05:19:00+00:00;3842.13;3842.63;3842.13;3842.38;4
2023-01-03 05:20:00+00:00;3842.38;3843.25;3842.13;3843.25;18
2023-01-03 05:21:00+00:00;3843.38;3843.38;3842.88;3842.88;19
2023-01-03 05:22:00+00:00;3842.88;3843.0;3842.13;3842.38;16
2023-01-03 05:23:00+00:00;3842.38;3842.38;3841.63;3841.88;14
2023-01-03 05:24:00+00:00;3841.88;3842.13;3841.88;3842.13;20
2023-01-03 05:25:00+00:00;3842.0;3842.0;3841.63;3841.88;14
2023-01-03 05:26:00+00:00;3841.88;3841.88;3841.38;3841.38;10
2023-01-03 05:27:00+00:00;3841.38;3841.38;3840.88;3841.13;25
2023-01-03 05:28:00+00:00;3841.13;3841.13;3840.63;3840.75;30
2023-01-03 05:29:00+00:00;3840.88;3841.13;3840.63;3840.63;17
2023-01-03 05:30:00+00:00;3840.63;3842.13;3840.63;3842.13;19
2023-01-03 05:31:00+00:00;3842.13;3842.13;3841.63;3841.63;14
2023-01-03 05:32:00+00:00;3841.63;3842.13;3841.63;3841.88;10
2023-01-03 05:33:00+00:00;3841.88;3842.38;3841.63;3842.13;14
2023-01-03 05:34:00+00:00;3842.13;3842.38;3841.88;3841.88;5
2023-01-03 05:35:00+00:00;3841.88;3842.38;3841.63;3841.88;11
2023-01-03 05:36:00+00:00;3841.88;3842.13;3841.63;3841.63;13
2023-01-03 05:37:00+00:00;3841.63;3841.88;3841.5;3841.63;12
2023-01-03 05:38:00+00:00;3841.63;3849.38;3841.38;3848.38;49
2023-01-03 05:39:00+00:00;3848.38;3848.38;3845.63;3846.5;66
2023-01-03 05:40:00+00:00;3846.63;3846.88;3845.38;3846.13;40
2023-01-03 05:41:00+00:00;3846.0;3846.88;3846.0;3846.38;34
2023-01-03 05:42:00+00:00;3846.38;3847.13;3846.13;3847.13;40
2023-01-03 05:43:00+00:00;3847.13;3848.88;3847.13;3848.38;43
2023-01-03 05:44:00+00:00;3848.38;3849.0;3847.88;3847.88;36
2023-01-03 05:45:00+00:00;3848.0;3849.13;3847.88;3849.13;46
2023-01-03 05:46:00+00:00;3849.13;3849.13;3848.25;3848.38;43
2023-01-03 05:47:00+00:00;3848.13;3849.38;3848.13;3849.13;27
2023-01-03 05:48:00+00:00;3849.13;3849.38;3848.38;3848.63;31
2023-01-03 05:49:00+00:00;3848.63;3848.88;3847.38;3847.63;31
2023-01-03 05:50:00+00:00;3847.63;3848.0;3847.25;3847.25;24
2023-01-03 05:51:00+00:00;3847.38;3847.88;3847.38;3847.63;21
2023-01-03 05:52:00+00:00;3847.38;3847.38;3846.38;3846.88;17
2023-01-03 05:53:00+00:00;3847.0;3847.0;3846.38;3846.63;24
2023-01-03 05:54:00+00:00;3846.63;3846.75;3846.5;3846.63;7
2023-01-03 05:55:00+00:00;3846.63;3847.88;3846.63;3847.63;21
2023-01-03 05:56:00+00:00;3847.63;3847.63;3846.63;3847.0;24
2023-01-03 05:57:00+00:00;3847.0;3847.63;3847.0;3847.63;7
2023-01-03 05:58:00+00:00;3847.63;3847.63;3846.88;3847.38;12
2023-01-03 05:59:00+00:00;3847.13;3847.63;3847.13;3847.63;27
2023-01-03 06:00:00+00:00;3847.63;3847.63;3846.88;3847.0;30
2023-01-03 06:01:00+00:00;3846.88;3847.38;3846.63;3846.88;32
2023-01-03 06:02:00+00:00;3846.88;3846.88;3845.63;3846.13;31
2023-01-03 06:03:00+00:00;3846.0;3846.13;3845.38;3845.63;24
2023-01-03 06:04:00+00:00;3845.88;3846.13;3845.5;3846.13;17
2023-01-03 06:05:00+00:00;3846.13;3846.13;3845.38;3845.38;12
2023-01-03 06:06:00+00:00;3845.63;3845.63;3844.88;3845.13;23
2023-01-03 06:07:00+00:00;3845.13;3845.88;3845.13;3845.88;16
2023-01-03 06:08:00+00:00;3845.88;3846.63;3845.88;3846.38;27
2023-01-03 06:09:00+00:00;3846.38;3846.88;3846.38;3846.63;27
2023-01-03 06:10:00+00:00;3846.63;3846.75;3846.13;3846.75;15
2023-01-03 06:11:00+00:00;3846.63;3846.75;3846.13;3846.5;16
2023-01-03 06:12:00+00:00;3846.38;3846.63;3846.13;3846.13;14
2023-01-03 06:13:00+00:00;3846.38;3846.88;3845.88;3846.88;22
2023-01-03 06:14:00+00:00;3846.88;3847.38;3846.38;3846.88;34
2023-01-03 06:15:00+00:00;3847.0;3847.38;3847.0;3847.38;30
2023-01-03 06:16:00+00:00;3847.38;3847.88;3846.88;3847.13;29
2023-01-03 06:17:00+00:00;3847.13;3847.63;3846.88;3847.38;23
2023-01-03 06:18:00+00:00;3847.38;3847.88;3847.38;3847.38;14
2023-01-03 06:19:00+00:00;3847.38;3847.88;3847.38;3847.63;11
2023-01-03 06:20:00+00:00;3847.88;3847.88;3846.63;3847.13;16
2023-01-03 06:21:00+00:00;3847.0;3848.13;3846.88;3848.13;26
2023-01-03 06:22:00+00:00;3848.13;3848.63;3847.88;3848.38;25
2023-01-03 06:23:00+00:00;3848.38;3848.5;3848.13;3848.38;13
2023-01-03 06:24:00+00:00;3848.38;3848.88;3847.88;3848.88;24
2023-01-03 06:25:00+00:00;3848.75;3848.75;3847.88;3848.0;9
2023-01-03 06:26:00+00:00;3847.88;3848.13;3847.63;3847.88;13
2023-01-03 06:27:00+00:00;3847.88;3848.63;3847.88;3848.63;16
2023-01-03 06:28:00+00:00;3848.63;3849.13;3848.38;3849.13;15
2023-01-03 06:29:00+00:00;3849.13;3850.0;3849.0;3849.13;22
2023-01-03 06:30:00+00:00;3849.13;3850.13;3849.13;3849.63;51
2023-01-03 06:31:00+00:00;3849.75;3850.13;3849.63;3849.88;16
2023-01-03 06:32:00+00:00;3849.75;3849.75;3848.38;3848.63;31
2023-01-03 06:33:00+00:00;3848.5;3849.25;3848.38;3849.13;20
2023-01-03 06:34:00+00:00;3849.13;3849.13;3848.38;3848.63;22
2023-01-03 06:35:00+00:00;3848.63;3848.88;3848.25;3848.38;14
2023-01-03 06:36:00+00:00;3848.38;3848.5;3847.38;3847.63;13
2023-01-03 06:37:00+00:00;3847.63;3848.0;3846.13;3846.63;41
2023-01-03 06:38:00+00:00;3846.63;3846.63;3845.63;3846.0;44
2023-01-03 06:39:00+00:00;3845.88;3845.88;3843.38;3843.63;66
2023-01-03 06:40:00+00:00;3843.63;3844.13;3843.38;3844.0;36
2023-01-03 06:41:00+00:00;3843.88;3844.88;3843.88;3844.0;31
2023-01-03 06:42:00+00:00;3844.13;3844.38;3843.5;3843.5;31
2023-01-03 06:43:00+00:00;3843.38;3843.88;3843.38;3843.88;25
2023-01-03 06:44:00+00:00;3843.88;3843.88;3843.38;3843.38;25
2023-01-03 06:45:00+00:00;3843.5;3843.5;3842.38;3842.5;38
2023-01-03 06:46:00+00:00;3842.38;3843.63;3842.38;3843.13;24
2023-01-03 06:47:00+00:00;3843.13;3843.38;3842.63;3843.25;34
2023-01-03 06:48:00+00:00;3843.13;3844.13;3842.88;3843.88;27
2023-01-03 06:49:00+00:00;3843.75;3843.75;3842.88;3843.13;17
2023-01-03 06:50:00+00:00;3843.13;3843.75;3843.0;3843.63;14
2023-01-03 06:51:00+00:00;3843.75;3843.75;3843.13;3843.38;12
2023-01-03 06:52:00+00:00;3843.38;3843.63;3842.88;3842.88;26
2023-01-03 06:53:00+00:00;3842.88;3843.38;3842.63;3843.38;24
2023-01-03 06:54:00+00:00;3843.38;3843.63;3843.13;3843.38;19
2023-01-03 06:55:00+00:00;3843.38;3844.13;3843.25;3844.13;29
2023-01-03 06:56:00+00:00;3844.13;3844.63;3844.13;3844.38;21
2023-01-03 06:57:00+00:00;3844.63;3845.13;3844.63;3845.13;13
2023-01-03 06:58:00+00:00;3845.13;3845.13;3844.38;3844.88;23
2023-01-03 06:59:00+00:00;3844.88;3846.38;3844.88;3846.38;20
2023-01-03 07:00:00+00:00;3845.88;3848.66;3845.38;3848.41;65
2023-01-03 07:01:00+00:00;3848.41;3848.41;3846.66;3846.91;54
2023-01-03 07:02:00+00:00;3846.91;3848.03;3846.66;3846.91;53
2023-01-03 07:03:00+00:00;3846.91;3847.16;3843.91;3844.41;48
2023-01-03 07:04:00+00:00;3844.41;3844.66;3843.66;3843.91;34
2023-01-03 07:05:00+00:00;3843.78;3843.78;3842.66;3843.66;51
2023-01-03 07:06:00+00:00;3843.66;3843.66;3842.41;3842.78;57
2023-01-03 07:07:00+00:00;3842.91;3843.16;3842.16;3842.91;42
2023-01-03 07:08:00+00:00;3842.91;3843.16;3841.91;3842.16;40
2023-01-03 07:09:00+00:00;3841.91;3842.91;3841.66;3842.91;43
2023-01-03 07:10:00+00:00;3842.66;3843.41;3842.16;3842.41;51
2023-01-03 07:11:00+00:00;3842.41;3843.16;3842.16;3842.91;36
2023-01-03 07:12:00+00:00;3842.91;3843.28;3842.78;3843.16;19
2023-01-03 07:13:00+00:00;3843.16;3844.28;3843.16;3843.91;37
2023-01-03 07:14:00+00:00;3843.91;3843.91;3843.03;3843.91;27
2023-01-03 07:15:00+00:00;3843.91;3844.91;3843.66;3844.66;31
2023-01-03 07:16:00+00:00;3844.66;3845.16;3844.41;3845.16;21
2023-01-03 07:17:00+00:00;3845.16;3845.41;3844.66;3844.91;33
2023-01-03 07:18:00+00:00;3845.16;3845.53;3844.41;3844.53;32
2023-01-03 07:19:00+00:00;3844.66;3845.91;3844.66;3845.66;30
2023-01-03 07:20:00+00:00;3845.41;3845.41;3844.41;3844.66;31
2023-01-03 07:21:00+00:00;3844.91;3845.03;3843.41;3843.53;37
2023-01-03 07:22:00+00:00;3843.41;3844.91;3843.41;3844.66;45
2023-01-03 07:23:00+00:00;3844.66;3844.91;3843.91;3843.91;34
2023-01-03 07:24:00+00:00;3843.66;3844.03;3843.16;3843.66;32
2023-01-03 07:25:00+00:00;3843.78;3845.78;3843.66;3845.41;25
2023-01-03 07:26:00+00:00;3845.41;3845.41;3844.41;3844.66;41
2023-01-03 07:27:00+00:00;3844.91;3847.41;3844.66;3847.03;53
2023-01-03 07:28:00+00:00;3847.16;3847.66;3846.66;3847.16;30
2023-01-03 07:29:00+00:00;3847.16;3847.66;3846.41;3847.41;21
2023-01-03 07:30:00+00:00;3847.66;3848.41;3847.41;3847.66;43
2023-01-03 07:31:00+00:00;3847.66;3848.16;3847.16;3847.91;25
2023-01-03 07:32:00+00:00;3847.91;3848.41;3847.53;3847.78;23
2023-01-03 07:33:00+00:00;3847.66;3849.16;3847.41;3849.16;44
2023-01-03 07:34:00+00:00;3849.03;3849.91;3848.91;3849.16;34
2023-01-03 07:35:00+00:00;3849.16;3849.66;3848.66;3849.41;27
2023-01-03 07:36:00+00:00;3849.41;3849.66;3848.66;3849.16;23
2023-01-03 07:37:00+00:00;3849.16;3849.41;3848.16;3848.16;31
2023-01-03 07:38:00+00:00;3848.16;3848.91;3847.66;3847.66;38
2023-01-03 07:39:00+00:00;3847.66;3848.66;3847.66;3848.28;43
2023-01-03 07:40:00+00:00;3848.41;3849.03;3847.66;3847.66;28
2023-01-03 07:41:00+00:00;3847.66;3851.91;3847.16;3851.41;52
2023-01-03 07:42:00+00:00;3851.41;3853.16;3851.16;3853.16;61
2023-01-03 07:43:00+00:00;3853.16;3853.41;3851.91;3852.28;45
2023-01-03 07:44:00+00:00;3852.16;3852.66;3852.16;3852.16;17
2023-01-03 07:45:00+00:00;3852.16;3853.91;3852.16;3853.66;47
2023-01-03 07:46:00+00:00;3853.66;3853.91;3852.66;3852.66;47
2023-01-03 07:47:00+00:00;3852.41;3852.41;3851.41;3851.66;27
2023-01-03 07:48:00+00:00;3851.66;3851.66;3850.91;3851.16;44
2023-01-03 07:49:00+00:00;3851.16;3852.66;3850.91;3852.66;38
2023-01-03 07:50:00+00:00;3852.66;3852.66;3851.16;3851.78;50
2023-01-03 07:51:00+00:00;3851.66;3853.16;3851.66;3852.91;56
2023-01-03 07:52:00+00:00;3852.91;3854.16;3852.66;3853.16;50
2023-01-03 07:53:00+00:00;3853.16;3853.91;3852.66;3853.78;43
2023-01-03 07:54:00+00:00;3853.66;3853.66;3852.66;3853.41;26
2023-01-03 07:55:00+00:00;3853.41;3854.91;3853.41;3854.41;38
2023-01-03 07:56:00+00:00;3854.28;3854.41;3852.91;3854.41;69
2023-01-03 07:57:00+00:00;3854.41;3854.66;3853.66;3853.91;45
2023-01-03 07:58:00+00:00;3853.91;3855.41;3853.91;3855.03;72
2023-01-03 07:59:00+00:00;3855.16;3857.91;3854.66;3857.66;69
2023-01-03 08:00:00+00:00;3857.66;3862.16;3857.16;3861.78;163
2023-01-03 08:01:00+00:00;3861.66;3863.66;3861.66;3861.91;117
2023-01-03 08:02:00+00:00;3861.91;3864.41;3861.66;3862.66;117
2023-01-03 08:03:00+00:00;3862.66;3863.16;3860.91;3861.41;112
2023-01-03 08:04:00+00:00;3861.41;3861.66;3859.66;3859.66;122
2023-01-03 08:05:00+00:00;3859.66;3859.91;3858.41;3859.91;112
2023-01-03 08:06:00+00:00;3859.91;3861.28;3859.41;3860.41;89
2023-01-03 08:07:00+00:00;3860.41;3860.41;3859.16;3859.16;61
2023-01-03 08:08:00+00:00;3859.16;3859.41;3857.66;3857.91;94
2023-01-03 08:09:00+00:00;3857.91;3858.16;3856.16;3857.66;86
2023-01-03 08:10:00+00:00;3857.41;3858.66;3856.66;3858.66;89
2023-01-03 08:11:00+00:00;3858.66;3858.66;3857.16;3858.03;76
2023-01-03 08:12:00+00:00;3857.91;3859.16;3855.41;3856.16;109
2023-01-03 08:13:00+00:00;3856.03;3856.03;3853.66;3854.16;57
2023-01-03 08:14:00+00:00;3854.16;3855.16;3853.66;3853.91;92
2023-01-03 08:15:00+00:00;3853.91;3856.16;3853.91;3855.16;85
2023-01-03 08:16:00+00:00;3855.16;3856.66;3854.66;3855.66;75
2023-01-03 08:17:00+00:00;3855.66;3856.41;3854.41;3856.16;89
2023-01-03 08:18:00+00:00;3856.03;3858.41;3856.03;3857.16;80
2023-01-03 08:19:00+00:00;3857.16;3858.41;3856.66;3857.91;90
2023-01-03 08:20:00+00:00;3858.16;3859.41;3857.91;3859.16;89
2023-01-03 08:21:00+00:00;3858.91;3860.41;3858.41;3858.41;86
2023-01-03 08:22:00+00:00;3858.41;3858.91;3857.66;3858.41;74
2023-01-03 08:23:00+00:00;3858.78;3859.16;3857.66;3858.66;82
2023-01-03 08:24:00+00:00;3858.78;3860.16;3858.53;3860.16;54
2023-01-03 08:25:00+00:00;3860.16;3860.41;3858.91;3859.78;79
2023-01-03 08:26:00+00:00;3859.91;3862.16;3859.66;3862.16;57
2023-01-03 08:27:00+00:00;3862.03;3863.41;3861.41;3862.66;92
2023-01-03 08:28:00+00:00;3862.66;3863.41;3860.66;3863.41;62
2023-01-03 08:29:00+00:00;3863.28;3863.41;3861.66;3863.03;75
2023-01-03 08:30:00+00:00;3863.16;3863.78;3861.66;3862.28;81
2023-01-03 08:31:00+00:00;3862.41;3863.03;3861.41;3862.66;85
2023-01-03 08:32:00+00:00;3862.41;3863.28;3861.91;3862.78;80
2023-01-03 08:33:00+00:00;3862.91;3863.41;3862.41;3862.66;76
2023-01-03 08:34:00+00:00;3862.66;3863.41;3861.91;3863.41;55
2023-01-03 08:35:00+00:00;3863.41;3863.41;3861.66;3861.91;68
2023-01-03 08:36:00+00:00;3861.91;3867.28;3861.91;3867.28;66
2023-01-03 08:37:00+00:00;3867.16;3868.78;3866.66;3868.66;75
2023-01-03 08:38:00+00:00;3868.66;3871.16;3867.41;3871.16;72
2023-01-03 08:39:00+00:00;3871.16;3872.41;3869.41;3869.78;103
2023-01-03 08:40:00+00:00;3869.91;3870.66;3868.66;3868.66;67
2023-01-03 08:41:00+00:00;3868.78;3870.91;3868.16;3869.53;81
2023-01-03 08:42:00+00:00;3869.66;3869.91;3867.91;3867.91;106
2023-01-03 08:43:00+00:00;3867.91;3869.53;3867.41;3869.41;83
2023-01-03 08:44:00+00:00;3869.41;3870.16;3868.41;3869.41;70
2023-01-03 08:45:00+00:00;3869.41;3871.91;3868.91;3870.66;76
2023-01-03 08:46:00+00:00;3870.66;3870.91;3869.66;3870.66;52
2023-01-03 08:47:00+00:00;3870.66;3871.91;3870.41;3871.91;64
2023-01-03 08:48:00+00:00;3871.91;3871.91;3870.66;3870.91;34
2023-01-03 08:49:00+00:00;3871.03;3871.91;3870.91;3871.41;67
2023-01-03 08:50:00+00:00;3871.66;3872.41;3870.78;3871.91;65
2023-01-03 08:51:00+00:00;3871.91;3872.91;3871.16;3872.66;47
2023-01-03 08:52:00+00:00;3872.41;3872.78;3871.16;3871.16;62
2023-01-03 08:53:00+00:00;3871.41;3871.41;3870.16;3870.78;45
2023-01-03 08:54:00+00:00;3870.66;3871.41;3870.16;3871.16;58
2023-01-03 08:55:00+00:00;3871.16;3872.41;3870.78;3871.66;69
2023-01-03 08:56:00+00:00;3871.66;3871.66;3870.91;3871.66;60
2023-01-03 08:57:00+00:00;3871.66;3871.66;3870.66;3871.66;42
2023-01-03 08:58:00+00:00;3871.66;3871.66;3869.91;3870.28;45
2023-01-03 08:59:00+00:00;3870.41;3872.41;3870.16;3871.16;88
2023-01-03 09:00:00+00:00;3871.66;3872.91;3870.66;3871.28;105
2023-01-03 09:01:00+00:00;3871.41;3874.41;3871.41;3873.41;121
2023-01-03 09:02:00+00:00;3873.66;3875.28;3873.66;3874.41;98
2023-01-03 09:03:00+00:00;3874.41;3877.66;3874.28;3877.16;78
2023-01-03 09:04:00+00:00;3877.16;3878.66;3877.16;3878.53;61
2023-01-03 09:05:00+00:00;3878.66;3878.91;3877.91;3878.66;63
2023-01-03 09:06:00+00:00;3878.66;3878.66;3873.91;3874.66;80
2023-01-03 09:07:00+00:00;3874.66;3875.41;3872.41;3872.66;80
2023-01-03 09:08:00+00:00;3872.66;3873.91;3872.16;3873.16;86
2023-01-03 09:09:00+00:00;3872.91;3874.16;3872.66;3873.91;82
2023-01-03 09:10:00+00:00;3873.91;3876.41;3873.91;3875.41;90
2023-01-03 09:11:00+00:00;3875.53;3877.16;3874.41;3877.16;66
2023-01-03 09:12:00+00:00;3876.91;3877.66;3876.41;3877.66;75
2023-01-03 09:13:00+00:00;3877.66;3878.41;3877.66;3877.91;42
2023-01-03 09:14:00+00:00;3877.91;3878.53;3876.91;3878.41;52
2023-01-03 09:15:00+00:00;3878.41;3878.91;3877.41;3877.41;45
2023-01-03 09:16:00+00:00;3877.41;3881.66;3877.03;3880.66;74
2023-01-03 09:17:00+00:00;3880.66;3881.41;3879.91;3880.91;62
2023-01-03 09:18:00+00:00;3881.16;3881.16;3879.16;3879.16;50
2023-01-03 09:19:00+00:00;3879.16;3879.41;3875.91;3876.53;90
2023-01-03 09:20:00+00:00;3876.66;3879.16;3876.66;3878.66;55
2023-01-03 09:21:00+00:00;3878.91;3878.91;3877.16;3877.91;71
2023-01-03 09:22:00+00:00;3878.16;3879.41;3877.91;3878.91;74
2023-01-03 09:23:00+00:00;3878.91;3879.91;3878.91;3879.16;72
2023-01-03 09:24:00+00:00;3879.16;3881.41;3878.91;3880.66;62
2023-01-03 09:25:00+00:00;3880.66;3881.66;3880.66;3881.41;37
2023-01-03 09:26:00+00:00;3881.41;3881.66;3879.16;3879.66;53
2023-01-03 09:27:00+00:00;3879.66;3879.66;3878.53;3878.66;48
2023-01-03 09:28:00+00:00;3878.66;3878.66;3877.16;3877.41;34
2023-01-03 09:29:00+00:00;3877.66;3878.91;3877.41;3878.66;31
2023-01-03 09:30:00+00:00;3878.66;3880.41;3878.66;3879.91;67
2023-01-03 09:31:00+00:00;3879.91;3880.16;3877.78;3877.91;49
2023-01-03 09:32:00+00:00;3877.91;3880.41;3877.91;3880.28;50
2023-01-03 09:33:00+00:00;3880.16;3880.66;3879.66;3880.16;74
2023-01-03 09:34:00+00:00;3880.16;3880.41;3879.66;3880.28;62
2023-01-03 09:35:00+00:00;3880.41;3880.91;3879.66;3880.41;34
2023-01-03 09:36:00+00:00;3880.28;3880.66;3879.41;3879.66;44
2023-01-03 09:37:00+00:00;3879.66;3879.91;3878.41;3878.91;47
2023-01-03 09:38:00+00:00;3878.91;3879.53;3877.91;3878.41;36
2023-01-03 09:39:00+00:00;3878.41;3878.66;3877.41;3878.41;31
2023-01-03 09:40:00+00:00;3878.41;3879.91;3878.16;3879.41;44
2023-01-03 09:41:00+00:00;3879.16;3880.91;3878.91;3879.91;60
2023-01-03 09:42:00+00:00;3880.03;3880.91;3879.91;3880.66;53
2023-01-03 09:43:00+00:00;3880.66;3880.66;3878.41;3878.66;33
2023-01-03 09:44:00+00:00;3878.66;3879.66;3878.53;3878.91;48
2023-01-03 09:45:00+00:00;3878.91;3880.66;3878.91;3879.91;46
2023-01-03 09:46:00+00:00;3879.78;3880.66;3879.66;3880.41;54
2023-01-03 09:47:00+00:00;3880.41;3880.91;3880.16;3880.53;33
2023-01-03 09:48:00+00:00;3880.41;3880.41;3879.16;3879.91;57
2023-01-03 09:49:00+00:00;3879.91;3881.16;3879.66;3880.41;34
2023-01-03 09:50:00+00:00;3880.41;3881.66;3880.16;3881.53;35
2023-01-03 09:51:00+00:00;3881.66;3881.66;3880.66;3881.03;51
2023-01-03 09:52:00+00:00;3881.16;3881.66;3880.91;3881.41;44
2023-01-03 09:53:00+00:00;3881.41;3881.53;3880.78;3880.78;24
2023-01-03 09:54:00+00:00;3880.66;3881.66;3880.16;3880.16;45
2023-01-03 09:55:00+00:00;3880.16;3880.91;3879.66;3879.66;46
2023-01-03 09:56:00+00:00;3879.66;3880.66;3879.41;3880.41;57
2023-01-03 09:57:00+00:00;3880.66;3880.66;3879.28;3879.41;41
2023-01-03 09:58:00+00:00;3879.41;3881.16;3879.16;3880.91;27
2023-01-03 09:59:00+00:00;3880.91;3882.16;3880.66;3882.16;29
2023-01-03 10:00:00+00:00;3882.16;3882.66;3880.16;3880.16;58
2023-01-03 10:01:00+00:00;3880.16;3880.66;3879.91;3880.16;35
2023-01-03 10:02:00+00:00;3880.16;3880.66;3879.41;3879.66;35
2023-01-03 10:03:00+00:00;3879.66;3880.16;3879.16;3879.66;32
2023-01-03 10:04:00+00:00;3879.66;3880.66;3879.41;3879.53;32
2023-01-03 10:05:00+00:00;3879.66;3880.66;3879.16;3880.66;42
2023-01-03 10:06:00+00:00;3880.91;3880.91;3880.41;3880.91;21
2023-01-03 10:07:00+00:00;3880.91;3881.41;3880.16;3880.41;36
2023-01-03 10:08:00+00:00;3880.16;3880.16;3877.16;3878.16;32
2023-01-03 10:09:00+00:00;3878.16;3878.91;3877.91;3878.41;41
2023-01-03 10:10:00+00:00;3878.16;3878.41;3877.41;3878.16;47
2023-01-03 10:11:00+00:00;3878.16;3878.66;3877.41;3877.41;30
2023-01-03 10:12:00+00:00;3877.41;3877.41;3875.66;3875.66;80
2023-01-03 10:13:00+00:00;3875.66;3876.16;3874.91;3874.91;36
2023-01-03 10:14:00+00:00;3874.91;3875.66;3874.66;3874.91;37
2023-01-03 10:15:00+00:00;3875.16;3876.41;3874.91;3875.66;48
2023-01-03 10:16:00+00:00;3875.66;3875.91;3874.16;3874.16;34
2023-01-03 10:17:00+00:00;3874.41;3874.66;3873.41;3873.91;42
2023-01-03 10:18:00+00:00;3873.91;3874.28;3873.16;3873.66;34
2023-01-03 10:19:00+00:00;3873.66;3873.66;3872.91;3873.03;31
2023-01-03 10:20:00+00:00;3873.16;3873.53;3872.66;3873.16;29
2023-01-03 10:21:00+00:00;3873.16;3873.16;3871.16;3871.16;27
2023-01-03 10:22:00+00:00;3871.41;3871.66;3870.16;3870.16;60
2023-01-03 10:23:00+00:00;3870.41;3870.41;3869.66;3870.16;38
2023-01-03 10:24:00+00:00;3870.16;3871.41;3870.16;3871.41;26
2023-01-03 10:25:00+00:00;3871.41;3872.16;3871.16;3871.66;25
2023-01-03 10:26:00+00:00;3871.41;3871.91;3871.16;3871.41;31
2023-01-03 10:27:00+00:00;3871.41;3871.91;3870.66;3871.16;47
2023-01-03 10:28:00+00:00;3871.16;3871.66;3871.16;3871.41;21
2023-01-03 10:29:00+00:00;3871.41;3871.66;3870.91;3870.91;34
2023-01-03 10:30:00+00:00;3870.91;3872.16;3870.66;3872.16;37
2023-01-03 10:31:00+00:00;3872.16;3872.16;3869.66;3869.78;58
2023-01-03 10:32:00+00:00;3869.91;3870.91;3869.78;3870.66;36
2023-01-03 10:33:00+00:00;3870.91;3871.41;3870.41;3871.16;40
2023-01-03 10:34:00+00:00;3871.16;3872.66;3871.16;3872.16;34
2023-01-03 10:35:00+00:00;3872.16;3872.16;3869.91;3869.91;32
2023-01-03 10:36:00+00:00;3870.16;3870.16;3869.41;3869.41;33
2023-01-03 10:37:00+00:00;3869.41;3870.66;3869.16;3869.91;41
2023-01-03 10:38:00+00:00;3869.66;3872.16;3869.66;3872.16;31
2023-01-03 10:39:00+00:00;3872.16;3872.66;3871.66;3871.91;29
2023-01-03 10:40:00+00:00;3872.16;3872.41;3871.66;3871.66;12
2023-01-03 10:41:00+00:00;3871.66;3872.91;3871.66;3872.91;26
2023-01-03 10:42:00+00:00;3872.91;3873.91;3872.66;3873.91;23
2023-01-03 10:43:00+00:00;3873.91;3874.16;3873.91;3874.16;14
2023-01-03 10:44:00+00:00;3873.91;3873.91;3873.16;3873.66;25
2023-01-03 10:45:00+00:00;3873.66;3874.78;3873.53;3874.66;39
2023-01-03 10:46:00+00:00;3874.66;3874.78;3873.91;3873.91;14
2023-01-03 10:47:00+00:00;3873.91;3873.91;3872.91;3873.41;26
2023-01-03 10:48:00+00:00;3873.41;3874.16;3873.16;3873.91;33
2023-01-03 10:49:00+00:00;3874.03;3874.66;3873.66;3873.91;31
2023-01-03 10:50:00+00:00;3873.91;3874.66;3873.91;3874.16;18
2023-01-03 10:51:00+00:00;3874.16;3874.16;3873.91;3873.91;17
2023-01-03 10:52:00+00:00;3874.16;3874.41;3873.91;3874.16;9
2023-01-03 10:53:00+00:00;3874.41;3874.41;3873.91;3874.41;12
2023-01-03 10:54:00+00:00;3874.41;3874.41;3874.16;3874.41;7
2023-01-03 10:55:00+00:00;3874.66;3875.91;3874.66;3875.91;19
2023-01-03 10:56:00+00:00;3875.91;3876.16;3875.16;3876.16;33
2023-01-03 10:57:00+00:00;3876.16;3876.16;3874.66;3875.16;43
2023-01-03 10:58:00+00:00;3875.16;3875.41;3873.66;3873.91;40
2023-01-03 10:59:00+00:00;3873.91;3874.16;3872.91;3873.16;24
2023-01-03 11:00:00+00:00;3873.41;3873.41;3871.28;3872.28;54
2023-01-03 11:01:00+00:00;3872.41;3874.16;3872.16;3874.03;45
2023-01-03 11:02:00+00:00;3874.16;3874.53;3873.41;3874.16;27
2023-01-03 11:03:00+00:00;3874.16;3874.41;3873.28;3873.41;34
2023-01-03 11:04:00+00:00;3873.41;3873.41;3872.91;3873.41;19
2023-01-03 11:05:00+00:00;3873.41;3874.41;3873.41;3874.28;28
2023-01-03 11:06:00+00:00;3874.16;3874.16;3872.41;3872.91;24
2023-01-03 11:07:00+00:00;3872.91;3872.91;3870.66;3871.41;36
2023-01-03 11:08:00+00:00;3871.41;3872.41;3870.78;3870.78;29
2023-01-03 11:09:00+00:00;3870.91;3871.16;3870.91;3870.91;19
2023-01-03 11:10:00+00:00;3871.16;3871.16;3869.91;3869.91;23
2023-01-03 11:11:00+00:00;3870.16;3870.16;3869.16;3869.16;21
2023-01-03 11:12:00+00:00;3869.16;3869.16;3867.66;3867.66;21
2023-01-03 11:13:00+00:00;3867.66;3867.91;3867.16;3867.41;20
2023-01-03 11:14:00+00:00;3867.41;3868.28;3867.41;3867.66;26
2023-01-03 11:15:00+00:00;3867.66;3867.78;3866.66;3867.66;39
2023-01-03 11:16:00+00:00;3867.66;3868.91;3867.41;3868.91;38
2023-01-03 11:17:00+00:00;3868.66;3869.16;3868.16;3868.66;32
2023-01-03 11:18:00+00:00;3868.91;3869.41;3868.16;3868.16;23
2023-01-03 11:19:00+00:00;3868.41;3868.41;3867.16;3867.41;30
2023-01-03 11:20:00+00:00;3867.41;3868.41;3867.41;3868.16;16
2023-01-03 11:21:00+00:00;3868.16;3868.91;3867.53;3868.91;17
2023-01-03 11:22:00+00:00;3868.91;3869.66;3868.53;3868.91;30
2023-01-03 11:23:00+00:00;3868.91;3869.41;3868.41;3868.66;33
2023-01-03 11:24:00+00:00;3868.66;3869.16;3868.16;3868.16;19
2023-01-03 11:25:00+00:00;3868.16;3868.66;3867.91;3868.41;29
2023-01-03 11:26:00+00:00;3868.53;3869.41;3868.41;3868.91;39
2023-01-03 11:27:00+00:00;3869.03;3869.16;3867.66;3867.91;25
2023-01-03 11:28:00+00:00;3867.91;3869.41;3867.66;3869.16;27
2023-01-03 11:29:00+00:00;3869.16;3869.41;3868.41;3868.66;17
2023-01-03 11:30:00+00:00;3868.91;3869.41;3868.66;3869.41;27
2023-01-03 11:31:00+00:00;3869.41;3869.41;3868.41;3869.41;28
2023-01-03 11:32:00+00:00;3869.41;3869.91;3869.16;3869.66;30
2023-01-03 11:33:00+00:00;3869.41;3869.41;3868.66;3868.66;20
2023-01-03 11:34:00+00:00;3868.66;3869.16;3868.53;3868.78;24
2023-01-03 11:35:00+00:00;3869.16;3869.66;3869.16;3869.41;36
2023-01-03 11:36:00+00:00;3869.41;3869.66;3868.28;3868.41;28
2023-01-03 11:37:00+00:00;3868.41;3868.66;3868.16;3868.41;27
2023-01-03 11:38:00+00:00;3868.41;3868.91;3867.91;3868.91;12
2023-01-03 11:39:00+00:00;3868.91;3869.41;3868.53;3868.66;14
2023-01-03 11:40:00+00:00;3868.66;3869.16;3868.16;3868.28;24
2023-01-03 11:41:00+00:00;3868.41;3869.41;3868.41;3869.16;29
2023-01-03 11:42:00+00:00;3869.16;3869.16;3865.41;3865.41;62
2023-01-03 11:43:00+00:00;3865.41;3865.66;3859.91;3859.91;82
2023-01-03 11:44:00+00:00;3859.91;3859.91;3851.91;3852.91;152
2023-01-03 11:45:00+00:00;3852.91;3853.78;3848.41;3853.78;149
2023-01-03 11:46:00+00:00;3853.91;3855.28;3851.16;3853.66;93
2023-01-03 11:47:00+00:00;3853.91;3853.91;3851.53;3851.91;83
2023-01-03 11:48:00+00:00;3851.78;3853.41;3851.66;3853.16;63
2023-01-03 11:49:00+00:00;3853.16;3853.16;3851.41;3852.91;58
2023-01-03 11:50:00+00:00;3852.78;3853.91;3851.41;3852.91;86
2023-01-03 11:51:00+00:00;3852.66;3854.66;3852.28;3853.16;67
2023-01-03 11:52:00+00:00;3852.91;3854.41;3852.66;3852.91;62
2023-01-03 11:53:00+00:00;3852.91;3852.91;3850.41;3851.41;75
2023-01-03 11:54:00+00:00;3851.41;3852.91;3851.41;3851.91;38
2023-01-03 11:55:00+00:00;3851.91;3854.16;3851.66;3853.66;37
2023-01-03 11:56:00+00:00;3853.66;3855.41;3853.41;3854.91;37
2023-01-03 11:57:00+00:00;3854.91;3854.91;3852.41;3852.41;56
2023-01-03 11:58:00+00:00;3852.66;3853.66;3852.41;3852.78;51
2023-01-03 11:59:00+00:00;3852.91;3853.41;3852.41;3853.16;51
2023-01-03 12:00:00+00:00;3853.03;3853.41;3851.66;3851.66;44
2023-01-03 12:01:00+00:00;3851.66;3851.66;3847.16;3847.91;82
2023-01-03 12:02:00+00:00;3848.03;3848.41;3846.41;3847.91;72
2023-01-03 12:03:00+00:00;3847.91;3849.41;3847.41;3848.41;41
2023-01-03 12:04:00+00:00;3848.28;3849.41;3848.16;3849.16;60
2023-01-03 12:05:00+00:00;3849.16;3850.41;3848.91;3849.91;47
2023-01-03 12:06:00+00:00;3849.91;3850.66;3849.03;3849.91;51
2023-01-03 12:07:00+00:00;3849.91;3851.16;3848.91;3848.91;25
2023-01-03 12:08:00+00:00;3848.91;3849.41;3848.41;3848.41;43
2023-01-03 12:09:00+00:00;3848.41;3849.66;3848.16;3848.66;47
2023-01-03 12:10:00+00:00;3848.41;3848.78;3847.66;3848.16;42
2023-01-03 12:11:00+00:00;3848.16;3848.16;3846.91;3847.41;45
2023-01-03 12:12:00+00:00;3847.41;3847.66;3846.66;3847.16;26
2023-01-03 12:13:00+00:00;3847.16;3849.16;3846.41;3847.91;50
2023-01-03 12:14:00+00:00;3847.91;3850.16;3847.66;3849.91;29
2023-01-03 12:15:00+00:00;3849.91;3850.16;3848.41;3849.16;44
2023-01-03 12:16:00+00:00;3849.16;3850.91;3849.16;3850.78;51
2023-01-03 12:17:00+00:00;3850.66;3851.91;3850.16;3851.41;47
2023-01-03 12:18:00+00:00;3851.28;3852.16;3850.41;3851.41;49
2023-01-03 12:19:00+00:00;3851.41;3852.41;3851.03;3851.91;34
2023-01-03 12:20:00+00:00;3851.91;3852.16;3851.41;3851.66;41
2023-01-03 12:21:00+00:00;3851.41;3853.41;3851.41;3852.41;44
2023-01-03 12:22:00+00:00;3852.41;3853.66;3852.41;3853.41;41
2023-01-03 12:23:00+00:00;3853.66;3854.66;3853.41;3854.53;24
2023-01-03 12:24:00+00:00;3854.41;3854.53;3853.41;3853.66;28
2023-01-03 12:25:00+00:00;3853.91;3854.66;3853.41;3853.91;33
2023-01-03 12:26:00+00:00;3854.16;3854.16;3852.66;3853.91;21
2023-01-03 12:27:00+00:00;3853.91;3854.41;3852.66;3853.16;35
2023-01-03 12:28:00+00:00;3853.16;3853.41;3851.91;3851.91;29
2023-01-03 12:29:00+00:00;3851.91;3852.41;3851.41;3851.66;41
2023-01-03 12:30:00+00:00;3851.66;3854.16;3851.41;3854.16;29
2023-01-03 12:31:00+00:00;3854.41;3856.41;3854.16;3855.16;42
2023-01-03 12:32:00+00:00;3855.16;3855.28;3854.16;3854.91;42
2023-01-03 12:33:00+00:00;3854.91;3855.91;3854.41;3854.91;50
2023-01-03 12:34:00+00:00;3854.91;3856.16;3854.91;3856.16;30
2023-01-03 12:35:00+00:00;3856.16;3856.28;3854.91;3855.28;41
2023-01-03 12:36:00+00:00;3855.41;3855.66;3854.66;3855.16;33
2023-01-03 12:37:00+00:00;3855.16;3855.16;3853.91;3854.16;23
2023-01-03 12:38:00+00:00;3854.16;3855.41;3853.91;3855.41;30
2023-01-03 12:39:00+00:00;3855.41;3856.03;3855.16;3855.91;39
2023-01-03 12:40:00+00:00;3855.91;3857.41;3855.66;3857.16;63
2023-01-03 12:41:00+00:00;3857.16;3857.16;3856.28;3857.03;17
2023-01-03 12:42:00+00:00;3856.91;3857.66;3856.41;3856.41;27
2023-01-03 12:43:00+00:00;3856.53;3856.91;3855.91;3855.91;21
2023-01-03 12:44:00+00:00;3855.91;3856.91;3855.91;3856.66;21
2023-01-03 12:45:00+00:00;3856.66;3856.91;3855.91;3855.91;20
2023-01-03 12:46:00+00:00;3855.91;3855.91;3855.16;3855.28;35
2023-01-03 12:47:00+00:00;3855.16;3855.41;3852.53;3853.66;69
2023-01-03 12:48:00+00:00;3853.41;3854.66;3852.66;3854.41;36
2023-01-03 12:49:00+00:00;3854.41;3856.16;3854.41;3855.66;32
2023-01-03 12:50:00+00:00;3855.66;3855.91;3854.91;3855.16;45
2023-01-03 12:51:00+00:00;3855.16;3855.66;3854.41;3854.66;31
2023-01-03 12:52:00+00:00;3854.66;3855.66;3854.41;3855.16;29
2023-01-03 12:53:00+00:00;3854.91;3854.91;3853.66;3853.66;30
2023-01-03 12:54:00+00:00;3853.66;3853.91;3852.91;3853.16;19
2023-01-03 12:55:00+00:00;3853.16;3853.16;3851.66;3852.66;56
2023-01-03 12:56:00+00:00;3852.66;3853.41;3851.66;3852.41;41
2023-01-03 12:57:00+00:00;3852.41;3853.16;3851.91;3852.41;26
2023-01-03 12:58:00+00:00;3852.41;3852.91;3851.78;3852.91;33
2023-01-03 12:59:00+00:00;3852.91;3855.91;3852.91;3855.91;64
2023-01-03 13:00:00+00:00;3855.91;3857.66;3855.41;3856.66;43
2023-01-03 13:01:00+00:00;3856.66;3859.91;3856.16;3859.16;81
2023-01-03 13:02:00+00:00;3859.16;3860.91;3858.66;3860.41;68
2023-01-03 13:03:00+00:00;3860.41;3861.41;3859.91;3860.03;41
2023-01-03 13:04:00+00:00;3860.16;3860.66;3859.41;3859.91;44
2023-01-03 13:05:00+00:00;3859.91;3860.66;3858.41;3858.41;50
2023-01-03 13:06:00+00:00;3858.41;3858.66;3856.41;3857.16;61
2023-01-03 13:07:00+00:00;3857.16;3857.16;3854.66;3854.78;52
2023-01-03 13:08:00+00:00;3854.91;3854.91;3851.41;3851.41;98
2023-01-03 13:09:00+00:00;3851.66;3851.66;3847.41;3848.41;114
2023-01-03 13:10:00+00:00;3848.41;3850.66;3847.66;3848.91;99
2023-01-03 13:11:00+00:00;3848.91;3850.66;3848.91;3850.53;89
2023-01-03 13:12:00+00:00;3850.53;3851.41;3849.41;3851.41;60
2023-01-03 13:13:00+00:00;3851.41;3853.16;3850.66;3851.41;67
2023-01-03 13:14:00+00:00;3851.41;3852.66;3851.16;3852.16;54
2023-01-03 13:15:00+00:00;3852.16;3853.66;3851.66;3852.66;67
2023-01-03 13:16:00+00:00;3852.66;3853.41;3852.41;3853.41;44
2023-01-03 13:17:00+00:00;3853.41;3854.16;3852.16;3853.66;37
2023-01-03 13:18:00+00:00;3853.66;3853.91;3852.91;3853.41;34
2023-01-03 13:19:00+00:00;3853.41;3853.91;3852.66;3853.91;47
2023-01-03 13:20:00+00:00;3853.41;3856.41;3853.41;3855.91;97
2023-01-03 13:21:00+00:00;3855.78;3856.91;3855.16;3856.66;63
2023-01-03 13:22:00+00:00;3856.66;3859.53;3855.91;3858.91;66
2023-01-03 13:23:00+00:00;3858.91;3859.91;3858.16;3859.41;49
2023-01-03 13:24:00+00:00;3859.41;3859.41;3857.91;3858.16;34
2023-01-03 13:25:00+00:00;3858.16;3858.41;3857.16;3857.91;45
2023-01-03 13:26:00+00:00;3857.91;3857.91;3855.66;3855.66;45
2023-01-03 13:27:00+00:00;3855.66;3855.66;3853.66;3854.66;37
2023-01-03 13:28:00+00:00;3854.66;3854.91;3853.03;3853.16;35
2023-01-03 13:29:00+00:00;3853.41;3854.66;3853.16;3853.91;41
2023-01-03 13:30:00+00:00;3853.91;3854.41;3852.53;3853.66;45
2023-01-03 13:31:00+00:00;3853.66;3854.66;3853.41;3854.41;28
2023-01-03 13:32:00+00:00;3854.41;3856.41;3854.16;3855.91;43
2023-01-03 13:33:00+00:00;3855.91;3856.91;3855.16;3855.41;40
2023-01-03 13:34:00+00:00;3855.41;3856.16;3854.91;3855.41;39
2023-01-03 13:35:00+00:00;3855.41;3856.66;3854.66;3856.16;42
2023-01-03 13:36:00+00:00;3856.16;3857.16;3855.41;3856.66;44
2023-01-03 13:37:00+00:00;3856.66;3858.16;3855.66;3857.66;39
2023-01-03 13:38:00+00:00;3857.66;3858.41;3857.16;3858.16;30
2023-01-03 13:39:00+00:00;3858.16;3858.41;3857.41;3858.16;20
2023-01-03 13:40:00+00:00;3858.16;3859.66;3857.66;3858.16;31
2023-01-03 13:41:00+00:00;3858.16;3858.16;3857.41;3857.66;36
2023-01-03 13:42:00+00:00;3857.66;3858.16;3857.16;3857.66;25
2023-01-03 13:43:00+00:00;3857.66;3858.16;3856.66;3856.91;24
2023-01-03 13:44:00+00:00;3856.91;3858.41;3856.41;3857.66;39
2023-01-03 13:45:00+00:00;3857.53;3859.41;3857.53;3859.16;50
2023-01-03 13:46:00+00:00;3859.16;3859.41;3858.16;3858.41;21
2023-01-03 13:47:00+00:00;3858.16;3859.16;3857.66;3858.91;19
2023-01-03 13:48:00+00:00;3859.16;3859.41;3858.66;3858.91;12
2023-01-03 13:49:00+00:00;3858.66;3859.91;3858.41;3859.41;21
2023-01-03 13:50:00+00:00;3859.41;3860.91;3859.41;3860.66;38
2023-01-03 13:51:00+00:00;3860.66;3861.66;3860.41;3861.16;24
2023-01-03 13:52:00+00:00;3861.41;3861.91;3860.66;3861.16;32
2023-01-03 13:53:00+00:00;3861.16;3861.16;3859.66;3860.16;24
2023-01-03 13:54:00+00:00;3860.16;3860.66;3859.91;3860.16;27
2023-01-03 13:55:00+00:00;3860.16;3861.41;3860.16;3861.16;29
2023-01-03 13:56:00+00:00;3861.16;3861.41;3860.91;3861.16;18
2023-01-03 13:57:00+00:00;3861.16;3861.66;3860.91;3861.16;17
2023-01-03 13:58:00+00:00;3861.16;3861.66;3860.41;3861.66;19
2023-01-03 13:59:00+00:00;3861.91;3862.41;3859.91;3860.16;33
2023-01-03 14:00:00+00:00;3860.16;3860.91;3859.66;3860.66;35
2023-01-03 14:01:00+00:00;3860.66;3860.66;3859.91;3859.91;18
2023-01-03 14:02:00+00:00;3859.91;3859.91;3858.66;3859.16;25
2023-01-03 14:03:00+00:00;3859.16;3859.16;3857.66;3858.16;26
2023-01-03 14:04:00+00:00;3858.16;3858.66;3856.91;3857.41;22
2023-01-03 14:05:00+00:00;3857.41;3858.66;3857.41;3858.16;21
2023-01-03 14:06:00+00:00;3858.41;3859.66;3857.91;3858.91;20
2023-01-03 14:07:00+00:00;3859.16;3859.16;3858.41;3858.91;27
2023-01-03 14:08:00+00:00;3858.91;3860.66;3858.41;3860.66;27
2023-01-03 14:09:00+00:00;3860.41;3861.41;3860.41;3860.41;16
2023-01-03 14:10:00+00:00;3860.66;3862.66;3860.66;3861.91;40
2023-01-03 14:11:00+00:00;3861.78;3862.41;3861.41;3861.66;14
2023-01-03 14:12:00+00:00;3861.66;3862.41;3861.16;3862.41;12
2023-01-03 14:13:00+00:00;3862.66;3863.41;3862.41;3863.41;20
2023-01-03 14:14:00+00:00;3863.41;3865.41;3863.41;3865.16;44
2023-01-03 14:15:00+00:00;3865.16;3865.41;3864.16;3864.41;20
2023-01-03 14:16:00+00:00;3864.16;3864.41;3863.66;3863.66;5
2023-01-03 14:17:00+00:00;3863.41;3865.53;3863.16;3865.41;29
2023-01-03 14:18:00+00:00;3865.41;3866.41;3864.41;3864.66;35
2023-01-03 14:19:00+00:00;3864.41;3864.91;3863.91;3863.91;41
2023-01-03 14:20:00+00:00;3863.91;3863.91;3862.91;3863.41;40
2023-01-03 14:21:00+00:00;3863.41;3863.66;3861.41;3862.41;44
2023-01-03 14:22:00+00:00;3862.16;3862.41;3861.66;3862.16;30
2023-01-03 14:23:00+00:00;3862.41;3863.41;3862.41;3863.16;25
2023-01-03 14:24:00+00:00;3863.16;3863.66;3861.66;3861.91;38
2023-01-03 14:25:00+00:00;3861.91;3862.16;3857.66;3858.16;60
2023-01-03 14:26:00+00:00;3857.91;3859.41;3857.91;3858.41;58
2023-01-03 14:27:00+00:00;3858.41;3858.91;3857.16;3858.66;70
2023-01-03 14:28:00+00:00;3858.66;3859.16;3857.41;3857.66;82
2023-01-03 14:29:00+00:00;3857.66;3858.16;3856.78;3856.91;110
2023-01-03 14:30:00+00:00;3856.03;3857.41;3852.91;3853.91;205
2023-01-03 14:31:00+00:00;3853.91;3854.16;3848.66;3852.41;194
2023-01-03 14:32:00+00:00;3853.16;3857.16;3852.91;3854.66;181
2023-01-03 14:33:00+00:00;3854.66;3863.41;3854.66;3863.41;188
2023-01-03 14:34:00+00:00;3863.66;3863.91;3857.41;3857.91;186
2023-01-03 14:35:00+00:00;3857.91;3862.91;3857.91;3860.16;196
2023-01-03 14:36:00+00:00;3860.16;3860.91;3856.16;3858.16;173
2023-01-03 14:37:00+00:00;3858.16;3861.41;3856.41;3860.16;203
2023-01-03 14:38:00+00:00;3859.91;3861.66;3858.91;3860.41;172
2023-01-03 14:39:00+00:00;3860.66;3867.41;3860.53;3866.66;187
2023-01-03 14:40:00+00:00;3867.16;3870.91;3864.91;3870.41;182
2023-01-03 14:41:00+00:00;3870.41;3875.41;3870.41;3874.41;201
2023-01-03 14:42:00+00:00;3874.16;3877.41;3874.16;3874.91;191
2023-01-03 14:43:00+00:00;3874.66;3875.66;3872.41;3872.66;143
2023-01-03 14:44:00+00:00;3872.66;3874.16;3864.66;3865.66;212
2023-01-03 14:45:00+00:00;3865.66;3867.03;3856.03;3857.41;258
2023-01-03 14:46:00+00:00;3857.41;3859.41;3854.41;3858.66;230
2023-01-03 14:47:00+00:00;3858.41;3859.91;3849.66;3851.16;190
2023-01-03 14:48:00+00:00;3851.41;3852.16;3843.16;3843.41;217
2023-01-03 14:49:00+00:00;3843.16;3848.41;3842.91;3847.66;211
2023-01-03 14:50:00+00:00;3847.66;3852.41;3847.16;3850.91;172
2023-01-03 14:51:00+00:00;3850.91;3851.66;3846.91;3849.91;140
2023-01-03 14:52:00+00:00;3850.16;3850.16;3838.41;3838.41;164
2023-01-03 14:53:00+00:00;3838.78;3842.66;3837.91;3842.41;165
2023-01-03 14:54:00+00:00;3842.16;3842.16;3839.66;3840.91;137
2023-01-03 14:55:00+00:00;3840.91;3843.66;3833.16;3837.66;167
2023-01-03 14:56:00+00:00;3837.41;3839.41;3835.66;3836.41;169
2023-01-03 14:57:00+00:00;3836.41;3837.91;3834.41;3834.66;160
2023-01-03 14:58:00+00:00;3834.41;3834.41;3829.91;3830.91;150
2023-01-03 14:59:00+00:00;3830.66;3832.66;3829.41;3829.91;133
2023-01-03 15:00:00+00:00;3830.03;3837.16;3829.41;3837.16;213
2023-01-03 15:01:00+00:00;3837.16;3838.41;3834.66;3835.16;157
2023-01-03 15:02:00+00:00;3835.41;3836.66;3832.41;3835.78;217
2023-01-03 15:03:00+00:00;3835.66;3837.28;3834.91;3836.91;174
2023-01-03 15:04:00+00:00;3837.41;3838.16;3833.16;3833.91;164
2023-01-03 15:05:00+00:00;3833.91;3836.16;3833.16;3835.91;153
2023-01-03 15:06:00+00:00;3835.91;3835.91;3831.66;3831.91;134
2023-01-03 15:07:00+00:00;3831.91;3835.16;3830.66;3834.16;160
2023-01-03 15:08:00+00:00;3834.16;3836.41;3833.91;3834.91;162
2023-01-03 15:09:00+00:00;3834.91;3835.16;3831.91;3832.91;151
2023-01-03 15:10:00+00:00;3832.66;3832.91;3827.66;3832.66;190
2023-01-03 15:11:00+00:00;3833.16;3833.16;3828.16;3830.41;181
2023-01-03 15:12:00+00:00;3830.66;3830.66;3824.53;3827.41;144
2023-01-03 15:13:00+00:00;3827.41;3827.53;3822.41;3823.16;166
2023-01-03 15:14:00+00:00;3823.16;3825.41;3822.16;3824.41;147
2023-01-03 15:15:00+00:00;3824.41;3826.41;3822.16;3825.91;153
2023-01-03 15:16:00+00:00;3825.66;3825.91;3824.16;3825.41;123
2023-01-03 15:17:00+00:00;3825.41;3825.53;3822.16;3822.16;130
2023-01-03 15:18:00+00:00;3822.16;3822.41;3816.66;3818.41;171
2023-01-03 15:19:00+00:00;3818.28;3819.41;3814.91;3815.41;158
2023-01-03 15:20:00+00:00;3815.41;3819.91;3814.16;3819.91;130
2023-01-03 15:21:00+00:00;3819.66;3819.91;3817.91;3819.16;89
2023-01-03 15:22:00+00:00;3819.03;3819.16;3816.41;3818.03;92
2023-01-03 15:23:00+00:00;3817.91;3821.91;3817.66;3821.41;137
2023-01-03 15:24:00+00:00;3821.41;3822.66;3820.41;3820.91;119
2023-01-03 15:25:00+00:00;3820.91;3821.41;3819.91;3821.16;93
2023-01-03 15:26:00+00:00;3820.91;3821.91;3818.41;3818.66;75
2023-01-03 15:27:00+00:00;3818.66;3820.78;3818.41;3820.66;107
2023-01-03 15:28:00+00:00;3820.66;3820.66;3817.66;3817.66;80
2023-01-03 15:29:00+00:00;3817.66;3822.41;3817.66;3822.41;67
2023-01-03 15:30:00+00:00;3821.91;3821.91;3814.41;3814.41;95
2023-01-03 15:31:00+00:00;3814.41;3819.41;3813.66;3819.41;147
2023-01-03 15:32:00+00:00;3819.41;3821.66;3817.41;3817.66;132
2023-01-03 15:33:00+00:00;3817.66;3818.91;3816.66;3817.41;106
2023-01-03 15:34:00+00:00;3817.66;3819.66;3817.16;3818.91;102
2023-01-03 15:35:00+00:00;3818.91;3822.41;3818.41;3821.91;132
2023-01-03 15:36:00+00:00;3821.66;3822.16;3820.91;3821.91;108
2023-01-03 15:37:00+00:00;3821.41;3821.91;3820.16;3821.91;77
2023-01-03 15:38:00+00:00;3821.66;3823.66;3820.16;3823.41;83
2023-01-03 15:39:00+00:00;3823.41;3823.66;3821.41;3822.66;110